--
-- PostgreSQL database dump
--

-- Dumped from database version 15.6 (Debian 15.6-1.pgdg120+2)
-- Dumped by pg_dump version 15.6 (Debian 15.6-1.pgdg120+2)

SET statement_timeout = 0;
SET lock_timeout = 0;
SET idle_in_transaction_session_timeout = 0;
SET client_encoding = 'UTF8';
SET standard_conforming_strings = on;
SELECT pg_catalog.set_config('search_path', '', false);
SET check_function_bodies = false;
SET xmloption = content;
SET client_min_messages = warning;
SET row_security = off;

SET default_tablespace = '';

SET default_table_access_method = heap;

--
-- Name: credit_cards; Type: TABLE; Schema: public; Owner: sail
--

CREATE TABLE public.credit_cards (
    id uuid NOT NULL,
    card_number character varying(4) NOT NULL,
    value integer NOT NULL,
    cvv integer NOT NULL,
    card_holder_name character varying(255) NOT NULL,
    exp_date character varying(255) NOT NULL,
    created_at timestamp(0) without time zone,
    updated_at timestamp(0) without time zone
);


ALTER TABLE public.credit_cards OWNER TO sail;

--
-- Name: failed_jobs; Type: TABLE; Schema: public; Owner: sail
--

CREATE TABLE public.failed_jobs (
    id bigint NOT NULL,
    uuid character varying(255) NOT NULL,
    connection text NOT NULL,
    queue text NOT NULL,
    payload text NOT NULL,
    exception text NOT NULL,
    failed_at timestamp(0) without time zone DEFAULT CURRENT_TIMESTAMP NOT NULL
);


ALTER TABLE public.failed_jobs OWNER TO sail;

--
-- Name: failed_jobs_id_seq; Type: SEQUENCE; Schema: public; Owner: sail
--

CREATE SEQUENCE public.failed_jobs_id_seq
    START WITH 1
    INCREMENT BY 1
    NO MINVALUE
    NO MAXVALUE
    CACHE 1;


ALTER TABLE public.failed_jobs_id_seq OWNER TO sail;

--
-- Name: failed_jobs_id_seq; Type: SEQUENCE OWNED BY; Schema: public; Owner: sail
--

ALTER SEQUENCE public.failed_jobs_id_seq OWNED BY public.failed_jobs.id;


--
-- Name: migrations; Type: TABLE; Schema: public; Owner: sail
--

CREATE TABLE public.migrations (
    id integer NOT NULL,
    migration character varying(255) NOT NULL,
    batch integer NOT NULL
);


ALTER TABLE public.migrations OWNER TO sail;

--
-- Name: migrations_id_seq; Type: SEQUENCE; Schema: public; Owner: sail
--

CREATE SEQUENCE public.migrations_id_seq
    AS integer
    START WITH 1
    INCREMENT BY 1
    NO MINVALUE
    NO MAXVALUE
    CACHE 1;


ALTER TABLE public.migrations_id_seq OWNER TO sail;

--
-- Name: migrations_id_seq; Type: SEQUENCE OWNED BY; Schema: public; Owner: sail
--

ALTER SEQUENCE public.migrations_id_seq OWNED BY public.migrations.id;


--
-- Name: password_reset_tokens; Type: TABLE; Schema: public; Owner: sail
--

CREATE TABLE public.password_reset_tokens (
    email character varying(255) NOT NULL,
    token character varying(255) NOT NULL,
    created_at timestamp(0) without time zone
);


ALTER TABLE public.password_reset_tokens OWNER TO sail;

--
-- Name: personal_access_tokens; Type: TABLE; Schema: public; Owner: sail
--

CREATE TABLE public.personal_access_tokens (
    id bigint NOT NULL,
    tokenable_type character varying(255) NOT NULL,
    tokenable_id uuid NOT NULL,
    name character varying(255) NOT NULL,
    token character varying(64) NOT NULL,
    abilities text,
    last_used_at timestamp(0) without time zone,
    expires_at timestamp(0) without time zone,
    created_at timestamp(0) without time zone,
    updated_at timestamp(0) without time zone
);


ALTER TABLE public.personal_access_tokens OWNER TO sail;

--
-- Name: personal_access_tokens_id_seq; Type: SEQUENCE; Schema: public; Owner: sail
--

CREATE SEQUENCE public.personal_access_tokens_id_seq
    START WITH 1
    INCREMENT BY 1
    NO MINVALUE
    NO MAXVALUE
    CACHE 1;


ALTER TABLE public.personal_access_tokens_id_seq OWNER TO sail;

--
-- Name: personal_access_tokens_id_seq; Type: SEQUENCE OWNED BY; Schema: public; Owner: sail
--

ALTER SEQUENCE public.personal_access_tokens_id_seq OWNED BY public.personal_access_tokens.id;


--
-- Name: products; Type: TABLE; Schema: public; Owner: sail
--

CREATE TABLE public.products (
    id bigint NOT NULL,
    title character varying(255) NOT NULL,
    price integer NOT NULL,
    zipcode character varying(255) NOT NULL,
    seller character varying(255) NOT NULL,
    "thumbnailHd" character varying(255) NOT NULL,
    date date NOT NULL,
    created_at timestamp(0) without time zone,
    updated_at timestamp(0) without time zone
);


ALTER TABLE public.products OWNER TO sail;

--
-- Name: products_id_seq; Type: SEQUENCE; Schema: public; Owner: sail
--

CREATE SEQUENCE public.products_id_seq
    START WITH 1
    INCREMENT BY 1
    NO MINVALUE
    NO MAXVALUE
    CACHE 1;


ALTER TABLE public.products_id_seq OWNER TO sail;

--
-- Name: products_id_seq; Type: SEQUENCE OWNED BY; Schema: public; Owner: sail
--

ALTER SEQUENCE public.products_id_seq OWNED BY public.products.id;


--
-- Name: transactions; Type: TABLE; Schema: public; Owner: sail
--

CREATE TABLE public.transactions (
    id uuid NOT NULL,
    user_id uuid NOT NULL,
    credit_card_id uuid NOT NULL,
    total_to_pay integer NOT NULL,
    created_at timestamp(0) without time zone,
    updated_at timestamp(0) without time zone
);


ALTER TABLE public.transactions OWNER TO sail;

--
-- Name: users; Type: TABLE; Schema: public; Owner: sail
--

CREATE TABLE public.users (
    id uuid NOT NULL,
    name character varying(255) NOT NULL,
    email character varying(255) NOT NULL,
    email_verified_at timestamp(0) without time zone,
    password character varying(255) NOT NULL,
    remember_token character varying(100),
    created_at timestamp(0) without time zone,
    updated_at timestamp(0) without time zone
);


ALTER TABLE public.users OWNER TO sail;

--
-- Name: failed_jobs id; Type: DEFAULT; Schema: public; Owner: sail
--

ALTER TABLE ONLY public.failed_jobs ALTER COLUMN id SET DEFAULT nextval('public.failed_jobs_id_seq'::regclass);


--
-- Name: migrations id; Type: DEFAULT; Schema: public; Owner: sail
--

ALTER TABLE ONLY public.migrations ALTER COLUMN id SET DEFAULT nextval('public.migrations_id_seq'::regclass);


--
-- Name: personal_access_tokens id; Type: DEFAULT; Schema: public; Owner: sail
--

ALTER TABLE ONLY public.personal_access_tokens ALTER COLUMN id SET DEFAULT nextval('public.personal_access_tokens_id_seq'::regclass);


--
-- Name: products id; Type: DEFAULT; Schema: public; Owner: sail
--

ALTER TABLE ONLY public.products ALTER COLUMN id SET DEFAULT nextval('public.products_id_seq'::regclass);


--
-- Data for Name: credit_cards; Type: TABLE DATA; Schema: public; Owner: sail
--

COPY public.credit_cards (id, card_number, value, cvv, card_holder_name, exp_date, created_at, updated_at) FROM stdin;
39caf0d9-bcae-3e14-96f4-e9de1c4b1716	9402	5663	503	Desmond Kirlin	2025-06-17 22:51:59	2024-03-16 22:15:19	2024-03-16 22:15:19
449ca26f-23c2-3077-8c4d-9df754709492	6132	1785	394	Erika Dietrich	2026-04-30 02:37:29	2024-03-16 22:15:19	2024-03-16 22:15:19
8c63bf7f-ceb9-330b-aa5b-023a8ab88ae8	7707	7110	450	Novella Beahan	2024-12-14 13:48:59	2024-03-16 22:15:19	2024-03-16 22:15:19
9b94b052-080f-4bde-895b-51aa88144ef5	1234	7990	789	Luke Skywalker	12/24	2024-03-16 22:45:56	2024-03-16 22:45:56
\.


--
-- Data for Name: failed_jobs; Type: TABLE DATA; Schema: public; Owner: sail
--

COPY public.failed_jobs (id, uuid, connection, queue, payload, exception, failed_at) FROM stdin;
\.


--
-- Data for Name: migrations; Type: TABLE DATA; Schema: public; Owner: sail
--

COPY public.migrations (id, migration, batch) FROM stdin;
1	2014_10_12_000000_create_users_table	1
2	2014_10_12_100000_create_password_reset_tokens_table	1
3	2019_08_19_000000_create_failed_jobs_table	1
4	2019_12_14_000001_create_personal_access_tokens_table	1
5	2024_03_11_181521_create_products_table	1
6	2024_03_13_160013_credit_card_migration	1
7	2024_03_14_204906_create_transactions_table	1
\.


--
-- Data for Name: password_reset_tokens; Type: TABLE DATA; Schema: public; Owner: sail
--

COPY public.password_reset_tokens (email, token, created_at) FROM stdin;
\.


--
-- Data for Name: personal_access_tokens; Type: TABLE DATA; Schema: public; Owner: sail
--

COPY public.personal_access_tokens (id, tokenable_type, tokenable_id, name, token, abilities, last_used_at, expires_at, created_at, updated_at) FROM stdin;
\.


--
-- Data for Name: products; Type: TABLE DATA; Schema: public; Owner: sail
--

COPY public.products (id, title, price, zipcode, seller, "thumbnailHd", date, created_at, updated_at) FROM stdin;
2	Dolore neque minima non.	896	65692	Jazmyn Welch II	https://via.placeholder.com/640x480.png/007744?text=cats+aspernatur	1982-12-14	2024-03-16 22:15:19	2024-03-16 22:15:19
3	Nihil pariatur voluptas.	378	06783-2701	Miss Elsa Kris	https://via.placeholder.com/640x480.png/001177?text=cats+quod	1977-11-15	2024-03-16 22:15:19	2024-03-16 22:15:19
4	Non rerum veniam hic.	485	18137-1025	Mrs. Aimee Howe IV	https://via.placeholder.com/640x480.png/00dd88?text=cats+est	1995-07-26	2024-03-16 22:15:19	2024-03-16 22:15:19
5	Eius est animi.	982	86569-6334	Delores Langosh	https://via.placeholder.com/640x480.png/00cc88?text=cats+tempore	2003-08-01	2024-03-16 22:15:19	2024-03-16 22:15:19
6	Sed rerum adipisci.	100	36103	Arvilla Bergstrom	https://via.placeholder.com/640x480.png/000044?text=cats+aut	1979-08-17	2024-03-16 22:15:19	2024-03-16 22:15:19
7	Repellendus nihil nesciunt inventore.	994	40645-7532	Herbert Reichert	https://via.placeholder.com/640x480.png/008833?text=cats+et	2020-03-13	2024-03-16 22:15:19	2024-03-16 22:15:19
8	Blanditiis perferendis incidunt.	916	46005	Dr. Arnoldo Stark IV	https://via.placeholder.com/640x480.png/00ccff?text=cats+blanditiis	1991-04-08	2024-03-16 22:15:19	2024-03-16 22:15:19
9	Totam pariatur ut voluptatibus.	857	63077	Adolphus Mohr Jr.	https://via.placeholder.com/640x480.png/009911?text=cats+atque	2019-12-14	2024-03-16 22:15:19	2024-03-16 22:15:19
10	Reiciendis non tenetur.	149	24146	Barbara Schinner	https://via.placeholder.com/640x480.png/004499?text=cats+quas	1992-08-25	2024-03-16 22:15:19	2024-03-16 22:15:19
1	aaa	455	78993-000	João Silv aa	https://cdn.awsli.com.br/600x450/21/21351/produto/3853007/f66e8c63ab.jpg	2015-12-12	2024-03-16 22:15:19	2024-03-16 22:33:05
\.


--
-- Data for Name: transactions; Type: TABLE DATA; Schema: public; Owner: sail
--

COPY public.transactions (id, user_id, credit_card_id, total_to_pay, created_at, updated_at) FROM stdin;
cae35ba3-55bb-3ff7-adbb-15f7c421f18b	1616170b-db7a-365b-ad64-f21560a5ffb0	39caf0d9-bcae-3e14-96f4-e9de1c4b1716	6629	2024-03-16 22:15:19	2024-03-16 22:15:19
410a5a0c-f6e3-3e2a-9088-74c07976c35d	3536c480-a10c-3ae2-91bb-7d97a60fafa5	449ca26f-23c2-3077-8c4d-9df754709492	6535	2024-03-16 22:15:19	2024-03-16 22:15:19
29cc4e81-6ff7-3b8c-9de3-d41d9f68fd41	f6f73046-5305-38a9-9ab9-1f7331d1a18f	8c63bf7f-ceb9-330b-aa5b-023a8ab88ae8	5331	2024-03-16 22:15:19	2024-03-16 22:15:19
9b94b052-0a7b-4abb-9e2a-1749d4f41fc4	1616170b-db7a-365b-ad64-f21560a5ffb0	9b94b052-080f-4bde-895b-51aa88144ef5	1236	2024-03-16 22:45:56	2024-03-16 22:45:56
9b94b084-aebe-4c20-b502-379990bf81ed	1616170b-db7a-365b-ad64-f21560a5ffb0	9b94b052-080f-4bde-895b-51aa88144ef5	1236	2024-03-16 22:46:29	2024-03-16 22:46:29
9b94b0f0-3a65-48e3-b6aa-2bf0386305b5	1616170b-db7a-365b-ad64-f21560a5ffb0	9b94b052-080f-4bde-895b-51aa88144ef5	1236	2024-03-16 22:47:39	2024-03-16 22:47:39
9b94b103-6b38-47de-936a-c92a50beb62f	1616170b-db7a-365b-ad64-f21560a5ffb0	9b94b052-080f-4bde-895b-51aa88144ef5	1236	2024-03-16 22:47:52	2024-03-16 22:47:52
9b94b151-2b3f-41d8-9bac-7b79f8c71d88	1616170b-db7a-365b-ad64-f21560a5ffb0	9b94b052-080f-4bde-895b-51aa88144ef5	1236	2024-03-16 22:48:43	2024-03-16 22:48:43
9b94b17e-d103-4a5d-8b21-c7f0c8e70e3a	1616170b-db7a-365b-ad64-f21560a5ffb0	9b94b052-080f-4bde-895b-51aa88144ef5	1236	2024-03-16 22:49:13	2024-03-16 22:49:13
9b94b230-333f-4321-868a-a009eea40559	1616170b-db7a-365b-ad64-f21560a5ffb0	9b94b052-080f-4bde-895b-51aa88144ef5	1236	2024-03-16 22:51:09	2024-03-16 22:51:09
9b94b273-3693-4d83-b425-97e8459b423f	1616170b-db7a-365b-ad64-f21560a5ffb0	9b94b052-080f-4bde-895b-51aa88144ef5	1236	2024-03-16 22:51:53	2024-03-16 22:51:53
9b94b277-41e7-4cc2-aa77-6edd15d1cd1d	1616170b-db7a-365b-ad64-f21560a5ffb0	9b94b052-080f-4bde-895b-51aa88144ef5	1236	2024-03-16 22:51:56	2024-03-16 22:51:56
9b94b285-4522-428b-9dce-438de2d0da44	1616170b-db7a-365b-ad64-f21560a5ffb0	9b94b052-080f-4bde-895b-51aa88144ef5	1236	2024-03-16 22:52:05	2024-03-16 22:52:05
9b94b29f-2f4d-4e1e-96a9-f8acf22dbc6a	1616170b-db7a-365b-ad64-f21560a5ffb0	9b94b052-080f-4bde-895b-51aa88144ef5	1236	2024-03-16 22:52:22	2024-03-16 22:52:22
9b94b2dc-8b3a-4aa7-a671-96473736b99b	1616170b-db7a-365b-ad64-f21560a5ffb0	9b94b052-080f-4bde-895b-51aa88144ef5	1236	2024-03-16 22:53:02	2024-03-16 22:53:02
9b94b43f-c2af-4f34-a7bd-7ce92df144a0	1616170b-db7a-365b-ad64-f21560a5ffb0	9b94b052-080f-4bde-895b-51aa88144ef5	1236	2024-03-16 22:56:55	2024-03-16 22:56:55
\.


--
-- Data for Name: users; Type: TABLE DATA; Schema: public; Owner: sail
--

COPY public.users (id, name, email, email_verified_at, password, remember_token, created_at, updated_at) FROM stdin;
1616170b-db7a-365b-ad64-f21560a5ffb0	Test User	test@example.com	2024-03-16 22:15:19	$2y$12$XJ6kqF5f1ktBoTdaOlAOkeyGi9siVNVtZRBCBIhvybFTWvbw7L0BW	vBft7VzLJC	2024-03-16 22:15:19	2024-03-16 22:15:19
63ce05d1-e39b-3712-8ed0-974cccdd7cdf	Sienna Spencer	mlockman@example.org	2024-03-16 22:15:19	$2y$12$gvx8uadpKEfkoBooBiFi3uYYhcG0nZE9K3bif7WcxpLHo2RnLhLVO	IkL4JPngUr	2024-03-16 22:15:19	2024-03-16 22:15:19
3536c480-a10c-3ae2-91bb-7d97a60fafa5	Ayana Beatty	sandrine.dooley@example.com	2024-03-16 22:15:19	$2y$12$gvx8uadpKEfkoBooBiFi3uYYhcG0nZE9K3bif7WcxpLHo2RnLhLVO	Rq5wt8br0r	2024-03-16 22:15:19	2024-03-16 22:15:19
f6f73046-5305-38a9-9ab9-1f7331d1a18f	Kariane Quigley	ortiz.bennie@example.org	2024-03-16 22:15:19	$2y$12$gvx8uadpKEfkoBooBiFi3uYYhcG0nZE9K3bif7WcxpLHo2RnLhLVO	CMrZYlKQSa	2024-03-16 22:15:19	2024-03-16 22:15:19
9b94abf2-ea19-4438-b3e6-7d14f7a9933e	required	required23@example.com	\N	$2y$12$21kEc2T0uY75wGRkoK6Y1uBrdDaOJSvAicYvBFKZsX8XuTG/iZS/m	\N	2024-03-16 22:33:42	2024-03-16 22:33:42
\.


--
-- Name: failed_jobs_id_seq; Type: SEQUENCE SET; Schema: public; Owner: sail
--

SELECT pg_catalog.setval('public.failed_jobs_id_seq', 1, false);


--
-- Name: migrations_id_seq; Type: SEQUENCE SET; Schema: public; Owner: sail
--

SELECT pg_catalog.setval('public.migrations_id_seq', 7, true);


--
-- Name: personal_access_tokens_id_seq; Type: SEQUENCE SET; Schema: public; Owner: sail
--

SELECT pg_catalog.setval('public.personal_access_tokens_id_seq', 1, false);


--
-- Name: products_id_seq; Type: SEQUENCE SET; Schema: public; Owner: sail
--

SELECT pg_catalog.setval('public.products_id_seq', 10, true);


--
-- Name: credit_cards credit_cards_pkey; Type: CONSTRAINT; Schema: public; Owner: sail
--

ALTER TABLE ONLY public.credit_cards
    ADD CONSTRAINT credit_cards_pkey PRIMARY KEY (id);


--
-- Name: failed_jobs failed_jobs_pkey; Type: CONSTRAINT; Schema: public; Owner: sail
--

ALTER TABLE ONLY public.failed_jobs
    ADD CONSTRAINT failed_jobs_pkey PRIMARY KEY (id);


--
-- Name: failed_jobs failed_jobs_uuid_unique; Type: CONSTRAINT; Schema: public; Owner: sail
--

ALTER TABLE ONLY public.failed_jobs
    ADD CONSTRAINT failed_jobs_uuid_unique UNIQUE (uuid);


--
-- Name: migrations migrations_pkey; Type: CONSTRAINT; Schema: public; Owner: sail
--

ALTER TABLE ONLY public.migrations
    ADD CONSTRAINT migrations_pkey PRIMARY KEY (id);


--
-- Name: password_reset_tokens password_reset_tokens_pkey; Type: CONSTRAINT; Schema: public; Owner: sail
--

ALTER TABLE ONLY public.password_reset_tokens
    ADD CONSTRAINT password_reset_tokens_pkey PRIMARY KEY (email);


--
-- Name: personal_access_tokens personal_access_tokens_pkey; Type: CONSTRAINT; Schema: public; Owner: sail
--

ALTER TABLE ONLY public.personal_access_tokens
    ADD CONSTRAINT personal_access_tokens_pkey PRIMARY KEY (id);


--
-- Name: personal_access_tokens personal_access_tokens_token_unique; Type: CONSTRAINT; Schema: public; Owner: sail
--

ALTER TABLE ONLY public.personal_access_tokens
    ADD CONSTRAINT personal_access_tokens_token_unique UNIQUE (token);


--
-- Name: products products_pkey; Type: CONSTRAINT; Schema: public; Owner: sail
--

ALTER TABLE ONLY public.products
    ADD CONSTRAINT products_pkey PRIMARY KEY (id);


--
-- Name: transactions transactions_pkey; Type: CONSTRAINT; Schema: public; Owner: sail
--

ALTER TABLE ONLY public.transactions
    ADD CONSTRAINT transactions_pkey PRIMARY KEY (id);


--
-- Name: users users_email_unique; Type: CONSTRAINT; Schema: public; Owner: sail
--

ALTER TABLE ONLY public.users
    ADD CONSTRAINT users_email_unique UNIQUE (email);


--
-- Name: users users_pkey; Type: CONSTRAINT; Schema: public; Owner: sail
--

ALTER TABLE ONLY public.users
    ADD CONSTRAINT users_pkey PRIMARY KEY (id);


--
-- Name: personal_access_tokens_tokenable_type_tokenable_id_index; Type: INDEX; Schema: public; Owner: sail
--

CREATE INDEX personal_access_tokens_tokenable_type_tokenable_id_index ON public.personal_access_tokens USING btree (tokenable_type, tokenable_id);


--
-- Name: transactions transactions_credit_card_id_foreign; Type: FK CONSTRAINT; Schema: public; Owner: sail
--

ALTER TABLE ONLY public.transactions
    ADD CONSTRAINT transactions_credit_card_id_foreign FOREIGN KEY (credit_card_id) REFERENCES public.credit_cards(id) ON UPDATE CASCADE ON DELETE CASCADE;


--
-- Name: transactions transactions_user_id_foreign; Type: FK CONSTRAINT; Schema: public; Owner: sail
--

ALTER TABLE ONLY public.transactions
    ADD CONSTRAINT transactions_user_id_foreign FOREIGN KEY (user_id) REFERENCES public.users(id) ON UPDATE CASCADE ON DELETE CASCADE;


--
-- PostgreSQL database dump complete
--

